platform,nama_produk,lokasi,harga
Lazada,Pakaian Tradisional Manado//Baju Adat Tradisional Manado 76 sold (19),Manado,Rp195.000
Lazada,"Manado Quality Hotel,Manado Hotel Booking,Marriott International, Hilton Worldwide, InterContinental Hotels Group (IHG), AccorHotels, Hyatt Hotels Corporation, Wyndham Hotels & Resorts, Huazhu Hotels Group, Disney Hotel, Best Western Hotels & Resorts, Sha 44% Off Voucher save 44%",Manado,Rp588.662
Lazada,Cengkeh Manado Asli 500 Gr Bisa COD 6% Off Voucher save 6% 121 sold (72),Manado,Rp92.000
Lazada,Cengkeh Manado Premium - Rempah Berkualitas (1),Manado,Rp125.000
Lazada,Pakaian adat manado TK SD // Baju adat sulawesi 101 sold (20),Manado,Rp105.000
Lazada,Pakaian Adat Manado TK SD // Baju Adat Manado 36 sold (15),Manado,Rp145.000
Lazada,Pakaian Tradisional Manado Anak//Baju Adat Manado Anak 45 sold (21),Manado,Rp160.000
Lazada,"Hotel Royal Manado,Manado Hotel Booking,Marriott International, Hilton Worldwide, InterContinental Hotels Group (IHG), AccorHotels, Hyatt Hotels Corporation, Wyndham Hotels & Resorts, Huazhu Hotels Group, Disney Hotel, Best Western Hotels & Resorts, Shang 36% Off Voucher save 36%",Manado,Rp315.713
Lazada,"Hotel Aston Manado,Manado Hotel Booking,Marriott International, Hilton Worldwide, InterContinental Hotels Group (IHG), AccorHotels, Hyatt Hotels Corporation, Wyndham Hotels & Resorts, Huazhu Hotels Group, Disney Hotel, Best Western Hotels & Resorts, Shang 41% Off Voucher save 41%",Manado,Rp570.967
Lazada,Cengkeh Manado Murni Rajang Rotari 1KG 1.7K sold (797),Manado,Rp122.000
Lazada,Pure Soft Manado Clove Stems 1kg 59 sold (28),Manado,Rp32.000
Lazada,"Pure Manado Cloves, Chopped and Split, 1kg Wholesale 27 sold (15)",Manado,Rp110.000
Lazada,Paket Pupuk Aglonema Flower Mix Manado Terlengkap by Planteria 30% Off Voucher save 30%,Manado,Rp218.500
Lazada,"Pure Manado Cloves, Chopped and Split, 100 Gr 49 sold (12)",Manado,Rp22.000
Lazada,Pure Original Manado Spice Powdered Cloves 16 sold (9),Manado,Rp29.000
Lazada,Cengkeh Manado Murni Rajang Rotari 500gr 400 sold (204),Manado,Rp100.000
Lazada,Pure Manado Clove Powder 1kg Wholesale 49 sold (22),Manado,Rp35.000
Lazada,Cengkeh Bubuk Murni Manado Original 50 sold (21),Manado,Rp50.000
Lazada,(Cod) Pure Manado Cloves Rajang Rotary 3 Years 1 kg 1% Off Voucher save 1% 9 sold (6),Manado,Rp57.600
Lazada,Pure Manado Cloves 15Th Rajang 1kg 17 sold (10),Manado,Rp99.000
Lazada,CENGKEH MANADO ASLI SEMI HALUS 100 GR 517 sold (220),Manado,Rp26.000
Lazada,CENGKEH MANADO ASLI 100 gr 7% Off Voucher save 7% 388 sold (194),Manado,Rp26.000
Lazada,1 kg Manado Cloves 3 Years Old Rajang Rotary - Cod Available New,Manado,Rp93.200
Lazada,CENGKEH MURNI MANADO ASLI 500 gr 250 sold (145),Manado,Rp93.000
Lazada,"Pure Manado Cloves, Chopped and Split, 500g Wholesale 25 sold (12)",Manado,Rp65.000
Lazada,Manado Super Cloves by Ldr,Manado,Rp5.000
Lazada,KARET JOIN MANADO,Manado,Rp40.000
Lazada,"sambal ikan roa manado,ikan dari Manado berupa ikan bubuk yaa.. 222 sold (58)",Manado,Rp10.000
Lazada,( COD ) cengkeh manado 100 gram / cengkeh wangi / cengkeh berkualitas 23% Off Voucher save 23% 16 sold (6),Manado,Rp27.000
Lazada,"Manisan Buah Segar / Asinan Buah ( Kedondong, Salak, Mangga, Anggur Bogor, Pala Manado ) LarisSnack 23% Off Voucher save 23% 3.0K sold (998)",Manado,Rp10.000
Lazada,Cengkeh Manado Asli 500 Gr Harum dan Wangi khas cengkeh Kering Manado (1),Manado,Rp98.000
Lazada,Manado Rotary Chopped Cloves Mix Local 1 Kilogram 15% Off Voucher save 15% 8 sold (4),Manado,Rp51.000
Lazada,Manado Cloves Mix Local 1 kg - Fine & Well-Scented 7% Off New Voucher save 7% (1),Manado,Rp70.000
Lazada,Pure cloves Manado original 100 gr quality original ingredients cloves Manado Rajang dried scent typical fragrance Manado 7% Off Voucher save 7% 1.1K sold (467),Manado,Rp26.000
Lazada,cengkeh Manado | cengkeh rajangan | cengkeh super 100 gram ( COD ) 23% Off Voucher save 23% 83 sold (13),Manado,Rp27.000
Lazada,Ikan Bumbu Woku Manado Sinar Pagi,Manado,Rp81.900
Lazada,Angkup Kelopak Cengkeh Manado 5 sold (2),Manado,Rp8.500
Lazada,Buku Masakan Manado,Manado,Rp25.000
Lazada,"Ning Niniek Smoked Roa Fish Sambal, Typical Manado Flavor 120g 6% Off Voucher save 6% 35 sold (6)",Manado,Rp46.900
Lazada,lapis manado,Manado,Rp65.000
Lazada,Sungut Cloves Manado,Manado,Rp4.100
Lazada,NUTRISARI - NUTRISARI 11 gr (1 PCS) Minuman Anak Saset Sachet Rasa Jeruk Peras Maroko Leci Lemon Tea Blewah Jeruk Nipis Manado Madu Markisa Semangka Sirsak Anggur Apel Stawberry 41% Off Voucher save 41% 839 sold (65),Manado,Rp4.700
Lazada,"sambal ikan roa Manado,sangat lezat di temani nasi 49 sold (6)",Manado,Rp10.000
Lazada,Sambal Roa Khas Manado by Dapoer Mom JJ,Manado,Rp35.000
Lazada,Sambal ikan roa manado 13 sold (1),Manado,Rp12.500
Lazada,Manado | originote cicamide facial face wash,Manado,Rp35.000
Lazada,karet join manado,Manado,Rp47.000
Lazada,Buku Referensi Travelling : TELUSUR MANADO By RITA HARAHAP,Manado,Rp20.000
Lazada,Manado Clove Fertilizer,Manado,Rp3.500
Lazada,BY KNY Manisan buah pala asinan buah pala manado pala renyah pala kering rujak buah pala 18% Off Voucher save 18% 135 sold (39),Manado,Rp16.500
Lazada,Gagang Cengkeh Manado - Rajangan besar tanpa bubuk,Manado,Rp6.600
Lazada,Clove original 100 gr quality of original ingredients clove dry sweet fragrance 4% Off Voucher save 4% 3.3K sold (1653),Manado,Rp26.000
Lazada,1kg Original Original King Size 26 sold (10),Manado,Rp13.000
Lazada,Cengkeh Manado timbunan 8 tahun - Rajangan Criping / Rotary 5 sold (2),Manado,Rp15.000
Lazada,"Bumbu tjengkeh rajangan murni&mix 100/250/500/1000 Manado, Sansibar, Lokal Super, Pokol",Manado,Rp88.000
Lazada,TERBARU C3ngk3hh manado murni 500 gr bisa cod 63FQ,Manado,Rp99.000
Lazada,Cengkeh Manado timbunan 3 tahun - Rajangan Criping/Rotary 12 sold (4),Manado,Rp5.600
Lazada,Manisan Buah Pala Manado / Buah Pala Basah Menado Segar 250 Gram 14 sold (2),Manado,Rp15.500
Lazada,Super Rajang Small Manado Cloves,Manado,Rp99.900
Lazada,Baru Cengkeh Murni Asli Manado 100 Gr Kualitas Bahan Asli Cengkeh Manado Rajang Kering Aroma Wangi Khas Manado,Manado,Rp28.000
Lazada,SANIYE HIGHLIGHTER CONTOUR | Manado | E0358,Manado,Rp29.000
Lazada,TERBARU C3ngk3hh manado murni 100 gr bisa cod 63FQ,Manado,Rp34.000
Lazada,Dodol Amurang Oleh Oleh Manado,Manado,Rp25.000
Lazada,Peachbello-seasoning milled instant woku typical Manado 125gr/250gr 44% Off Voucher save 44%,Manado,Rp19.500
Lazada,Bibit pisang kepok manado,Manado,Rp53.200
Lazada,MANISAN BUAH PALA BASAH / PALA MANADO SEGAR 250 GR 20% Off Voucher save 20% 33 sold (8),Manado,Rp15.999
Lazada,Mirael sugar waxing kit/hair removal dibadan ready stock Manado chocolate variant,Manado,Rp105.000
Lazada,Manisan Buah Pala Manado Super / Buah Pala Basah Menado Segar 250 Gram 40 sold (10),Manado,Rp20.000
Lazada,1KG MANISAN BUAH PALA BASAH / PALA MANADO SEGAR /ASINAN PALA SUPER 7 sold (2),Manado,Rp44.999
Lazada,"Sambal ikan roa Manado,sangat lezat di temani nasi dan sambal 11 sold",Manado,Rp10.000
Lazada,Cengkeh Manado Super by Ldr 1 Pack Contains 10 Packs,Manado,Rp40.000
Lazada,Babi Woku Khas Manado (Masakan/Makanan Manado) - Fresh by Order - Pedas atau Sedang,Manado,Rp95.000
Lazada,cengkeh Manado timbunan 8 thn1kg kering,Manado,Rp190.000
Lazada,Manisan Pala Basah Manado 250 gr 5% Off Voucher save 5% 8 sold (3),Manado,Rp18.000
Lazada,Manado Special Shredded,Manado,Rp35.000
Lazada,KAOS MANADO TINUTAN CITY,Manado,Rp45.000
Lazada,cengkeh Manado timbunan 5tahun 1kg kering. (1),Manado,Rp145.000
Lazada,Pisang Goroho bibit langsung dari kebon anakan dari manado bisa buat obat diabets 72% Off Voucher save 72% 29 sold (8),Manado,Rp10.000
Lazada,Manisan Buah Pala Manado / Buah Pala Basah Menado Segar 500 Gram (2),Manado,Rp30.000
Lazada,Manisan Buah Pala Basah Manado 100gr 42% Off Voucher save 42% 1.5K sold (335),Manado,Rp7.000
Lazada,Makarizo Hair Energy Fibertherapy Hair & Scalp Creambath 30ml - SACHET - Manado,Manado,Rp12.000
Lazada,Potassium Sorbate / kalium Sorbat / Potassium Sorbat 1kg 157 sold (15),Manado,Rp70.000
Lazada,Manisan Pala basah Manado pedas/Mandas/Manisan manado pedas 100gr 42% Off Voucher save 42% 340 sold (94),Manado,Rp7.000
Lazada,cengkeh Manado murni timbunan 5tahun 1kg kering.,Manado,Rp145.000
Lazada,Snacks with Prizes Directly in Packaging 7.0K sold (1191),Manado,Rp13.000
Lazada,BUMBU CENGKEH REMPAH MANADO DAN KLINTING KEMASAN 100GRAM DAN 30 GRAM 5 sold (2),Manado,Rp4.000
Lazada,Manisan Buah Pala Basah / Manisan Pala Manado Kiloan / LarisSnack 6 sold (3),Manado,Rp20.000
Lazada,Sambal Roa khas Manado 44 sold (12),Manado,Rp45.000
Lazada,Manisan Pala Basah Manado 250gr 32% Off Voucher save 32% 213 sold (61),Manado,Rp17.000
Lazada,"Bakasang Fermented Fish, a Typical Manado Specialty 20% Off Voucher save 20%",Manado,Rp96.150
Lazada,Pop Noodles 1 Dus Contains 12 Pcs Soto Flavor / Chicken Onion / Baso / Fried Noodles / Pop Noodles Mini and Jumbo 63% Off Voucher save 63% 139.3K sold (27338),Manado,Rp27.500
Lazada,Cengkeh Manado Super Premium 1 ons,Manado,Rp25.000
Lazada,Cengkeh Lintingan Rajangan Manado Peluru Super 1 Pack 200gr isi 10 pcs 15 sold (4),Manado,Rp35.000
Lazada,Paket Anti Penyakit dan Hama Tanaman Flower Mix Manado Terlengkap by Planteria 32% Off Voucher save 32%,Manado,Rp118.500
Lazada,BAJU ADAT MANADO ANAK SATUAN,Manado,Rp100.000
Lazada,Manado Special Squid Sambal,Manado,Rp40.000
Lazada,bumbu ckh Manado 100g,Manado,Rp25.000
Lazada,pisau dapur modelan Manado asli produk Bondowoso,Manado,Rp425.500
Lazada,1KG MANISAN BUAH PALA / MANISAN PALA MANADO KILOAN TERMURAH / PALA 31% Off Voucher save 31% 6 sold (3),Manado,Rp55.000
Lazada,Saniye sweet labial lip tint serum | Manado | l1213,Manado,Rp20.000
Lazada,Saniye lip serum | l1188 | Manado | BPOM,Manado,Rp20.000
Lazada,MS GLOW CREAM MEN READY STOCK MANADO ADA BARCODE,Manado,Rp69.000
Lazada,Sweet Fragrant Mangoes Are Old and Ripe and Sweet Per Kilogram 69% Off Voucher save 69% 264 sold (46),Manado,Rp11.000
Lazada,MANISAN BUAH PALA MANADO BASAH / NUTMEG FRUIT / BUAH PALA SEGAR 500 GR 30% Off Voucher save 30% 31 sold (7),Manado,Rp27.999
Lazada,Cengkeh Lintingan Rajangan Peluru dan Manado Super 200gr (1),Manado,Rp35.000
Lazada,5 Tangkai Daun Gedi / Gadehi Organik sayur Bubur Manado,Manado,Rp4.000
Lazada,Buku travellng TELUSUR MANADO penerbit Elexmedia Original,Manado,Rp40.000
Lazada,"sambal ikan roa Manado,sangat lezat di temani nasi 46% Off Voucher save 46%",Manado,Rp15.991
Lazada,join karet manado as13mm - as 20mm/ as 16mm - as 25mm 69 sold (30),Manado,Rp81.675
Lazada,Original Manado Roa Sambal,Manado,Rp38.400
Lazada,"SAMBEL LAUK ""PREMIUM"" 220G PRODUK BY MELTZ INDO CORNER,SAMBEL BABY CUMI,SAMBEL PARU, SAMBEL CAKALANG, SAMBEL AYAM SUWIR,SAMBEL ROA MANADO,SAMBEL BAWANG,SAMBAL JENGKOL,SAMBAL KECOMBRANG",Manado,Rp43.500
Lazada,SANIYE BLUSH ON BPOM | Manado | E0150,Manado,Rp23.000
Lazada,PROMO- Paket Pupuk Aglonema Flower Mix Manado Terlengkap by Planteria - Larana mart 50% Off Voucher save 50%,Manado,Rp326.000
Lazada,Original Black Ketan Dodol (500Gr) Original Betawi Dodol Bogor Dodol Mpok Iyek 53% Off Voucher save 53% 4.0K sold (1173),Manado,Rp27.000
Lazada,MANADO | MADAME GIE Plump Balm With Vit E,Manado,Rp35.000
Lazada,Saniye lip mate capsule | Manado | BPOM | l1135,Manado,Rp15.000
Lazada,Manisan Buah Pala Basah Manado 500gr 29% Off Voucher save 29% 618 sold (201),Manado,Rp32.000
Lazada,GLAD2GLOW | MANADO | G2G MOISTURIZER bluebery - kiwi - retinol - yuja - cantela - pomegrante - tremella,Manado,Rp45.000
Lazada,Manisan Buah Pala Manado Super / Buah Pala Basah Menado Segar 500 Gram 12 sold (5),Manado,Rp40.000
Lazada,MANADO | MS GLOW | CALM BLESMISH MOISTURIZER,Manado,Rp95.000
Lazada,Box Speaker Midle Balap 10 inch GC Manado Dobel Plus Tweeter 31% Off Voucher save 31% 10 sold (6),Manado,Rp450.000
Lazada,SADOER pembesar payudara yg cepat Breast cream meningkatkan rasa percaya diri Memecahkan masalah seperti payudara kecil dan payudara jelek PENGENCANG PAYUDARA krim 78% Off Voucher save 78% 795 sold (242),Manado,Rp23.364
Lazada,Merpati Original Roasted Batik Nuts from Kawangkoan Manado as Souvenirs / Healthy and Halal Snacks Ready to Eat 23% Off Voucher save 23% 27 sold (7),Manado,Rp54.000
Lazada,KAOS PERNAH MAIN KE MANADO SPONSOR,Manado,Rp43.000
Lazada,【30Ml】Say Goodbye to Flat Chest Breast Enlargement Essential Oil/Breast Enlargement Massage Oil/Tight Breast Enlargement/Breast Enlargement Oil/Congenital Sagging/Flatness/Natural Plant Extracts to Make Small Breasts Bigger 51% Off Voucher save 51% 545 sold (227),Manado,Rp78.000
Lazada,karet utk joint yanmar/dongfeng/manado (1),Manado,Rp35.000
Lazada,"join karet manado as 19mm - 20mm, as 19mm - 25mm",Manado,Rp88.450
Lazada,Pita pita Tantowi Yahya-Country Breeze-Southern dreams - friends - livin with dreams - country Manado,Manado,Rp20.000
Lazada,Tarsius Kacang Sangrai Batik Manado ukuran Sedang Camilan sehat dan Halal Asli Kawangkoan siap di makan 13% Off Voucher save 13% (1),Manado,Rp75.000
Lazada,"￼ (New Launching) Sarung Jempol Ap King V4 X Omped Visual Special Edition! Super Responsive, Anti-Sweat, Free 2 Stickers - for Gaming Games Free Fire, Mobile Legends 74% Off Voucher save 74% 185 sold (37)",Manado,Rp13.000
Lazada,Manisan Buah Pala Manado Super / Buah Pala Basah Menado Segar 1 KG,Manado,Rp80.000
Lazada,Ayam Woku Khas Manado (Masakan/Makanan Manado) - Fresh by Order - Pedas atau Sedang,Manado,Rp85.000
Lazada,bakul snack Manisan Buah Pala Manado / Buah Pala Basah Menado Segar / Fresh Nutmeg Fruit 500 Gram 34% Off Voucher save 34%,Manado,Rp25.999
Lazada,Manado Special Belangga Woku Sambal,Manado,Rp37.000
Lazada,Buku Masakan Manado,Manado,Rp25.000
Lazada,Saniye perfect primer moisturizer | r3504 | Manado | BPOM,Manado,Rp35.000
Lazada,Manisan Buah Pala Manado / Buah Pala Basah Menado Segar 1 KG,Manado,Rp60.000
Lazada,Sambal ikan Cakalang Fufu Sambal Cakalang Asap Suwir Asli Manado (1),Manado,Rp57.000
Lazada,Logo Sulawesi Utara + Lokasi Manado Bordir Timbul,Manado,Rp30.000
Lazada,"[BUY 2 GET 1] PRONAS Sarden Saus Tomat dengan Limau 155 g 45% Off Voucher save 45% LazFlash,only 1 day left 846 sold (410)",Manado,Rp40.000
Lazada,Souvenir of fridge magnets from Indonesia by PT. Manado,Manado,Rp25.000
Lazada,MAKARIZO HAIR FRAGRANCE - Parfum rambut 2in1 -| Manado | 100ml,Manado,Rp39.000
Lazada,Manisan Buah Pala Manado Basah 500 Gr / Nutmeg Fruit / Buah Pala Segar 27% Off Voucher save 27% 67 sold (20),Manado,Rp29.999
Lazada,Skintific Aqua Light Daily Sunscreen SPF 35 PA +++-30g ( ijo) | MANADO |,Manado,Rp95.000
Lazada,Baju Adat Anak Manado Satuan (Laki/Cewek) 1% Off Voucher save 1% 5 sold (2),Manado,Rp153.000
Lazada,Clover 1kg Dried Chopped Leaves from Manado - Cooking Spice Seasoning,Manado,Rp169.500
Lazada,Scora 3% Arbutin Serum (putih) | Manado |,Manado,Rp65.000
Lazada,Manado Screen-Printed T-Shirt Estd 1623 Unisex Adam Cotton Distro T-Shirt,Manado,Rp47.999
Lazada,JAJANAN KAKI LIMA KHAS MANADO Original Bekas,Manado,Rp24.000
Lazada,join Manado karet kuning as 13mm+20mm 5 sold (1),Manado,Rp82.500
Lazada,MANADO | MS GLOW | SUNWHITE CREAM spf,Manado,Rp115.000
Lazada,Manisan Buah Pala Manado / Buah Pala Basah Menado Segar / Fresh Nutmeg Fruit 500 Gram 57% Off Voucher save 57%,Manado,Rp24.999
Lazada,JOIN KARET MANADO KARET KUNING AS 20MM+13MM 12 sold (2),Manado,Rp86.000
Lazada,Kawangkoan Kacang Batik Sangrai Asli Manado 500 gr oleh oleh Cemilan Sehat dan Halal siap di makan 2% Off Voucher save 2% (1),Manado,Rp123.000
Lazada,PIXY STICK DEODORANT ready stock manado,Manado,Rp19.000
Lazada,MAKARIZO EASY STRAIGHT 80ml (rebonding/ obat pelurus rambut / smoothing cream ) | MANADO |,Manado,Rp35.000
Lazada,Manisan Buah Pala Manado / Buah Pala Basah Menado Segar / Fresh Nutmeg Fruit 500 GR,Manado,Rp26.999
Lazada,Elta Baju couple dress tenun motive manado 58 sold (22),Manado,Rp150.000
Lazada,Manisan Buah Pala Basah Manado 1 kg 25% Off Voucher save 25% 901 sold (308),Manado,Rp60.000
Lazada,Simple Sponsor Coelacanth Fish Manado T-Shirt,Manado,Rp43.000
Lazada,"""More and More Popular"" 3-5 Breasts Become Big, Solid and Fully, Powerful, Fast and Permanent {Bigbust Up} | The Best Breast Enlargement and Firming Serum | Proven | Husband Is Happy and Content | Bpom, Halal [Cod/Pay on Delivery] 69% Off Voucher save 69% 1.0K sold (211)",Manado,Rp26.173
Lazada,Manado Screen-Printed T-Shirt Estd 1623 Long Sleeve Cool Unisex Distro T-Shirt,Manado,Rp52.999
Lazada,Kaos Manado Manis Awal Doang Singkatan Lucu Nama Kota 5 sold (1),Manado,Rp45.000
Lazada,BAJU ADAT MANADO/SULAWESI UTARA DEWASA SATUAN 29 sold (8),Manado,Rp195.000
Lazada,Kaos Tshirt Baju Murah Distro Bunaken pulau taman nasional Manado Sulawesi ri SOUVENIR oleh SUVENiR sablon bordir polos custom indonesia pria wanita keren anak dewasa cod Oversize Jumbo big over size besar cowok cewek laki perempuan lengan pendek t-shirt 48% Off Voucher save 48%,Manado,Rp20.000
Lazada,Ap King V2 Thumb Cover with Responsive Reflective Logo + Sensi Game Ff - for Mobile Legends Game 742 sold (125),Manado,Rp15.000
Lazada,Samsat Standard Motorcycle Number Plate Price 2Pcs (Front and Rear) Cheap Promotion 56% Off 6.0K sold (2781),Manado,Rp33.000
Lazada,Baju Adat Manado Anak Baju Tradisional Sulawesi Utara Anak Baju Tradisional Menado Anak (USIA TK) 30% Off Voucher save 30%,Manado,Rp94.500
Lazada,Indoshirt Baju Kaos Distro Manado Tugu Lilin (13a13),Manado,Rp95.000
Lazada,"Manado Bekantan Banjarmasin Screen-Printed T-Shirt, Adam Cotton Unisex Distro T-Shirt",Manado,Rp47.999
Lazada,joint manado honda gx160 13mmx20mm,Manado,Rp90.000
Lazada,KARET JOIN MANADO TEBAL 11MM AS 16MM,Manado,Rp50.000
Lazada,Manado Fresh Fruit Wet Nutmeg Candies in Bulk Kilo,Manado,Rp38.000
Lazada,Join Manado karet kuning as 13mm + 20mm,Manado,Rp83.500
Lazada,joint karet manado 13mmx20mm honda GX,Manado,Rp70.000
Lazada,JOIN MANADO 7PK 9PK 13PK JOIN KETINTING 25MM X 16MM 11 sold (3),Manado,Rp115.000
Lazada,Orang Manado Tionghoa,Manado,Rp99.000
Lazada,Pipe+Filling Only+Classic (1),Manado,Rp950.000
Lazada,Investasi dalam Human Capital : Kasus di Kota Manado 25% Off Voucher save 25%,Manado,Rp45.000
Lazada,BAJU ADAT MANADO ANAK SATUAN 35 sold (12),Manado,Rp160.000
Lazada,North Celebes Manado North Sulawesi Sponsor T-Shirt,Manado,Rp45.000
Lazada,Newest Pop Songs from Manado on Cd - Isty Julistry Pop Songs from Manado on Cd - Eastern Songs Car Cd - Music Cd,Manado,Rp40.000
Lazada,"Buku Harmoni dalam Keragaman : Jejak Budaya Toleransi Di Manado, Bali, dan Bekasi 20% Off Voucher save 20%",Manado,Rp100.000
Lazada,Manisan Buah Pala Basah / Manisan Pala Manado Kiloan 1 Kg 57% Off Voucher save 57%,Manado,Rp49.999
Lazada,USB LAGU BUAT MOBIL-USB LAGU MP3-USB LAGU MP4-FLASHDISK LAGU MANADO-LAGU MANADO TERBARU-LAGU MANADO-LAGU CHA CHA MANADO-LAGU POP AMBON MANADO (2),Manado,Rp185.000
Lazada,Mimis 5.5 Rocket 2% Off Voucher save 2%,Manado,Rp293.000
Lazada,kemeja tenun lengan pendek motif manado,Manado,Rp230.000
Lazada,Manado Rubber Joint 12X20Mm/13×20Mm/16×25Mm,Manado,Rp80.000
Lazada,Unisex Long Sleeved Children's T-Shirts with Motifs by by Souvenir Manado Bunaken 49% Off Voucher save 49%,Manado,Rp30.900
Lazada,Pure Manado Cloves 500 Gr Can Be Cod,Manado,Rp87.500
Lazada,SOUVENIR OLEH-OLEH MANADO GANTUNGAN KUNCI I BROS/PIN I MAGNET TEMPELAN KULKAS,Manado,Rp2.000
Lazada,Unisex Short Sleeved Children's T-Shirts with Motifs by by Souvenir Manado Bunaken 54% Off Voucher save 54% (2),Manado,Rp22.900
Lazada,￼T-shirts V2 Bismillah Inna Ma'al Usri yustro really along with the difficulty there is the ease of cotton shirt Distro 14% Off Voucher save 14% 538 sold (142),Manado,Rp22.980
Lazada,Orang Manado Tionghoa - Hendri Gunawan,Manado,Rp99.000
Lazada,Baju Adat Sulawesi Utara/Manado Anak Satuan ( Laki/Perempuan ) 6 sold,Manado,Rp155.000
Lazada,Manisan Pala Basah Manado pedas/Mandas/Manisan manado pedas 500gr 29% Off Voucher save 29% 379 sold (91),Manado,Rp32.000
Lazada,T-shirt Kaos Distro MANADO - SULAWESI UTARA - Premium Quality - MNDX1 38% Off Voucher save 38%,Manado,Rp50.000
Lazada,Baju Adat Manado Anak TK SD SMP Laki Perempuan Cewek Cowok / Baju Adat Sulawesi Utara Anak (2),Manado,Rp110.000
Lazada,MANADO - AC BESTLIFE 1/2PK SERI SUMO BEST 05SUMO - Lengkap Pasang 40% Off Voucher save 40%,Manado,Rp1.705.200
Lazada,PETA WISATA JAWA SULAWESI UTARA MANADO /BUANA BARU,Manado,Rp20.800
Lazada,Thick Material Premium Tactical Trousers 37% Off Voucher save 37% 32.7K sold (12025),Manado,Rp59.900
Lazada,Carago Tactical Trousers for Men 37% Off Voucher save 37% 5.2K sold (1804),Manado,Rp59.900
Lazada,Universal Permanent Smoke Filter Tool Cangklong Nicotine Filter Holder 5Pcs 47% Off Voucher save 47% 491 sold (121),Manado,Rp9.499
Lazada,besi gantungan senapan angin di dinding besi gantungan senapan di tembok shooting rest stand display gantungan senapan 2 susun gantungan senapan pajangan di dinding 154 sold (47),Manado,Rp30.000
Lazada,kaset pita pop Manado Tantowi Yahya,Manado,Rp25.000
Lazada,Baju Adat Manado Dewasa ( Berlaku 1 Stel Pria/Wanita ) 8 sold (2),Manado,Rp195.000
Lazada,"(1 Box Contains 3 Pcs) Adult Men's Boxers Premium Quality Elastic Men's Underwear / Men's Underwear Cl 54% Off Voucher save 54% LazFlash,only 1 day left 45.6K sold (15780)",Manado,Rp45.177
Lazada,SCARLETT TUBE 180ml VARIAN TERBARU BODY LOTION MANADO,Manado,Rp35.000
Lazada,baju adat manado anak laki / baju karnaval / baju kartini / baju nasional / baju daerah 6 sold (1),Manado,Rp144.900
Lazada,"Join karet as Ketinting Perahu Kapal 13mm x 20mm / 16mm x 25mm / 16mm x 1” inchi ( 25,4mm ) Join Manado 6 sold (2)",Manado,Rp85.000
Lazada,Baju Adat Manado Anak Laki-Laki Dan Perempuan TK SD / Set Pakaian Adat Karnaval Anak 6% Off Voucher save 6%,Manado,Rp126.900
Lazada,Baju Adat Manado dewasa,Manado,Rp200.000
Lazada,Baju Adat Manado anak 26 sold (1),Manado,Rp140.000
Lazada,Premium T-shirt - Kaos Khas MANADO - TORANG SAMUA BASUDARA - MND5 19 sold (8),Manado,Rp120.000
Lazada,Pajangan Miniatur Diecast Delman Mahabarata Dua Sapi Becak Manado Bahan Logam Besi,Manado,Rp225.000
Lazada,1145. Identification of seawater temperature response to solar radiation in Manado Bay waters,Manado,Rp42.000
Lazada,baju adat manado//pakaian adat daerah manado ukuran anak.tk.sd.smp 6% Off Voucher save 6% (1),Manado,Rp165.000
Lazada,Buku Tim Dapur DeMedia - Aneka Masakan Manado,Manado,Rp25.000
Lazada,"Harmoni Dalam Keragaman ; Jejak Budaya Toleransi Di Manado, Bali, dan Bekasi - Muhammad Nur Prabowo Setyabudi",Manado,Rp118.700
Lazada,Knalpot racing khas manado fullstenlis cocok buat drag 34% Off Voucher save 34% (2),Manado,Rp550.000
Lazada,isi lagu flashdis flasdis FLASHDISK 32GB ISI LAGU POP BATAK AMBON MANADO MINANG MP3 320kbps - 32Gb original,Manado,Rp135.000
Lazada,"Sambal baby squid/sambel skipjack/chicken suwir/Pete Medan/extra hot/by daboer Sumedang 37% Off Voucher save 37% LazFlash,only 1 day left 19.0K sold (5178)",Manado,Rp22.096
Lazada,Promo Merpati Kacang Sangrai Batik Manado Besar Camilan sehat Halal Kawangkoan siap di makan 20% Off Voucher save 20% 5 sold,Manado,Rp103.500
Lazada,Flashdisk Plus Complete Collection of Ambon - Batak - Manado - Minang Regional Songs 5% Off Voucher save 5% 53 sold (18),Manado,Rp95.000
Lazada,[Erlangga Official] E-Book/Buku Non Fisik: Hidangan Lezat Manado,Manado,Rp19.000
Lazada,Kaos Manado sulawesi kaos peta manado keren (1),Manado,Rp65.000
Lazada,Lencana Tanda Jabatan Daerah Jengkolan Logo Manado Lencana Manado - Harapan Mulya / 1 pcs,Manado,Rp68.099
Lazada,MANADO - AC AQUA JAPAN AQA-KCR5FQAL 1/2 PK TURBO COOLING R3 - Lengkap Pasang 40% Off Voucher save 40%,Manado,Rp1.783.800
Lazada,Unisex Children's T-Shirt Set with Patterned Pants by Typical Manado Bunaken 45% Off Voucher save 45%,Manado,Rp32.900
Lazada,Kaos Distro MANADO Premium - 4 DESAIN BEBAS PILIH MANADO - XMND2 38% Off Voucher save 38% (1),Manado,Rp50.000
Lazada,Jajanan Kaki Lima Khas Manado GRM ORIGINAL,Manado,Rp27.800
Lazada,O two O Gold mascara instant oversize Volume mascara ready stock Manado,Manado,Rp45.000
Lazada,Glad2Glow Blackberry AHA BHA TONER | Centella 2% Ceramide Soothing Toner | MANADO,Manado,Rp49.000
Lazada,T-shirt Kaos Distro MANADO - SULAWESI UTARA - Premium Quality - MNDX5 38% Off Voucher save 38% 6 sold,Manado,Rp50.000
Lazada,"Half-Fine, Peeled Roa Fish Meat, Large Size, Ready for Processing, Authentic to Manado. 2% Off Voucher save 2%",Manado,Rp215.000
Lazada,SANIYE | lip ink - lip tint | L1113 | MANADO | BPOM,Manado,Rp19.900
Lazada,Back to Manado Tourist T-Shirt - Cool Unisex T-Shirt with Screen Printed Words 60% Off Voucher save 60% 13 sold (4),Manado,Rp40.000
Lazada,Tarsius Kacang Sangrai Batik Manado Besar Camilan sehat dan Halal Asli Kawangkoan siap di makan 18% Off Voucher save 18%,Manado,Rp160.000
Lazada,"isi lagu flasdis flashdis Flashdisk 16gb isi Lagu Pilihan Daerah Ambon,Batak,Manado,Minang original",Manado,Rp135.000
Lazada,Skintific retinol moisturizer and retinol anti aging serum (Brown) | Manado,Manado,Rp119.000
Lazada,Latest Baggy Sweatpants for Men and Women. Unisex Adult Baggy Sweatpants 48% Off Voucher save 48% 88 sold (19),Manado,Rp67.000
Lazada,"Flashdisk 16Gb Plus Lagu Daerah Ambon,Batak,Manado,Minang Terkomplit 5% Off Voucher save 5%",Manado,Rp95.500
Lazada,Flesdisk full lagu2 MP4 Ambon-pendrive content song MP5 song AMBON-MP3 songs Ambon-songs new songs pop Ambon Manado,Manado,Rp135.000
Lazada,Black Strong Original 100% (1),Manado,Rp55.000
Lazada,Baju adat dewasa Sulawesi Utara/Manado satuan (Laki/Cewek) 1% Off Voucher save 1% 6 sold (2),Manado,Rp193.000
Lazada,Unisex Children's T-Shirt Set with Patterned Pants by by Souvenir Manado Bunaken 45% Off Voucher save 45%,Manado,Rp32.900
Lazada,HOLLAND VILLAGE MANADO,Manado,Rp1.000
Lazada,Cool Distro Men's T-Shirt Souvenir from Manado Adult Unisex 51% Off Voucher save 51%,Manado,Rp40.000
Lazada,Kaos peta pulau sulawesi bonus topi hat INDONESIA makassar manado palu kendari bitung gorontalo parepare best seller 6 sold (3),Manado,Rp105.000
Lazada,Baju Adat Manado Dewasa Putih ( Berlaku 1 Stel Pria/Wanita ),Manado,Rp195.000
Lazada,"Cemerlang Indah Pia Cheese Souvenirs, Snacks, Treats, Original Manado Specialty Cakes",Manado,Rp170.000
Lazada,"Setelan Couple Baju Adat MANADO Anak Usia TK, SD, SMP - Satu Set Cewek + Satu Set Cowok Baju Adat MANADO Anak Usia TK, SD, SMP 6% Off Voucher save 6% 17 sold (4)",Manado,Rp165.000
Lazada,Souvenir fridge magnets Indonesia,Manado,Rp25.000
Lazada,Souvenir fridge magnets by Indonesia,Manado,Rp25.000
Lazada,"Manado Inn Hotel,Manado Hotel Booking,Marriott International, Hilton Worldwide, InterContinental Hotels Group (IHG), AccorHotels, Hyatt Hotels Corporation, Wyndham Hotels & Resorts, Huazhu Hotels Group, Disney Hotel, Best Western Hotels & Resorts, Shangri 34% Off Voucher save 34%",Manado,Rp260.941
Lazada,"Hotel Sakura Manado,Manado Hotel Booking,Marriott International, Hilton Worldwide, InterContinental Hotels Group (IHG), AccorHotels, Hyatt Hotels Corporation, Wyndham Hotels & Resorts, Huazhu Hotels Group, Disney Hotel, Best Western Hotels & Resorts, Shan 42% Off Voucher save 42%",Manado,Rp277.253
Lazada,"Maleosan Inn Manado Hotel,Manado Hotel Booking,Marriott International, Hilton Worldwide, InterContinental Hotels Group (IHG), AccorHotels, Hyatt Hotels Corporation, Wyndham Hotels & Resorts, Huazhu Hotels Group, Disney Hotel, Best Western Hotels & Resorts 40% Off Voucher save 40%",Manado,Rp271.231
Lazada,"Maleosan Inn Manado,Manado Hotel Booking,Marriott International, Hilton Worldwide, InterContinental Hotels Group (IHG), AccorHotels, Hyatt Hotels Corporation, Wyndham Hotels & Resorts, Huazhu Hotels Group, Disney Hotel, Best Western Hotels & Resorts, Shan 41% Off Voucher save 41%",Manado,Rp247.582
Lazada,"LUN Hotel Manado,Manado Hotel Booking,Marriott International, Hilton Worldwide, InterContinental Hotels Group (IHG), AccorHotels, Hyatt Hotels Corporation, Wyndham Hotels & Resorts, Huazhu Hotels Group, Disney Hotel, Best Western Hotels & Resorts, Shangri 38% Off Voucher save 38%",Manado,Rp294.871
Lazada,"Hotel Riverside Manado,Manado Hotel Booking,Marriott International, Hilton Worldwide, InterContinental Hotels Group (IHG), AccorHotels, Hyatt Hotels Corporation, Wyndham Hotels & Resorts, Huazhu Hotels Group, Disney Hotel, Best Western Hotels & Resorts, S 41% Off Voucher save 41%",Manado,Rp241.619
Lazada,"Hotel Travello Manado,Manado Hotel Booking,Marriott International, Hilton Worldwide, InterContinental Hotels Group (IHG), AccorHotels, Hyatt Hotels Corporation, Wyndham Hotels & Resorts, Huazhu Hotels Group, Disney Hotel, Best Western Hotels & Resorts, Sh 40% Off Voucher save 40%",Manado,Rp363.682
Lazada,"Lion Hotel & Plaza Manado,Manado Hotel Booking,Marriott International, Hilton Worldwide, InterContinental Hotels Group (IHG), AccorHotels, Hyatt Hotels Corporation, Wyndham Hotels & Resorts, Huazhu Hotels Group, Disney Hotel, Best Western Hotels & Resorts 43% Off Voucher save 43%",Manado,Rp366.874
Lazada,"Whiz Prime Hotel Megamas Manado,Manado Hotel Booking,Marriott International, Hilton Worldwide, InterContinental Hotels Group (IHG), AccorHotels, Hyatt Hotels Corporation, Wyndham Hotels & Resorts, Huazhu Hotels Group, Disney Hotel, Best Western Hotels & R 44% Off Voucher save 44%",Manado,Rp447.415
Lazada,"MEL'S INN MANADO,Manado Hotel Booking,Marriott International, Hilton Worldwide, InterContinental Hotels Group (IHG), AccorHotels, Hyatt Hotels Corporation, Wyndham Hotels & Resorts, Huazhu Hotels Group, Disney Hotel, Best Western Hotels & Resorts, Shangri 36% Off Voucher save 36%",Manado,Rp436.056
Lazada,"Hotel Miracle Manado,Manado Hotel Booking,Marriott International, Hilton Worldwide, InterContinental Hotels Group (IHG), AccorHotels, Hyatt Hotels Corporation, Wyndham Hotels & Resorts, Huazhu Hotels Group, Disney Hotel, Best Western Hotels & Resorts, Sha 44% Off Voucher save 44%",Manado,Rp490.042
Lazada,"Hotel Gran Puri Manado,Manado Hotel Booking,Marriott International, Hilton Worldwide, InterContinental Hotels Group (IHG), AccorHotels, Hyatt Hotels Corporation, Wyndham Hotels & Resorts, Huazhu Hotels Group, Disney Hotel, Best Western Hotels & Resorts, S 44% Off Voucher save 44%",Manado,Rp480.719
Lazada,"Manado Tateli Resort dan Konvensi,Manado Hotel Booking,Marriott International, Hilton Worldwide, InterContinental Hotels Group (IHG), AccorHotels, Hyatt Hotels Corporation, Wyndham Hotels & Resorts, Huazhu Hotels Group, Disney Hotel, Best Western Hotels & 36% Off Voucher save 36%",Manado,Rp865.210
Lazada,Baju Adat Manado Dewasa Satuan ( Laki/Perempuan ),Manado,Rp195.000
Lazada,Unisex Short Sleeved Children's T-Shirts with Motifs by Oleh Oleh Khas Manado Bunaken 54% Off Voucher save 54%,Manado,Rp22.900
Lazada,Lencana Tanda Jabatan Daerah Jengkolan Logo Manado Lencana Manado - Karya Mulya / 1 pcs,Manado,Rp66.075
Lazada,Unisex Children's Long Sleeved T-Shirt with Motifs by Oleh Oleh Khas Manado Bunaken 49% Off Voucher save 49%,Manado,Rp30.900
Lazada,baju karnaval / baju adat manado anak perempuan / cewek / baju kartini / baju daerah / pakaian adat / pakaian adat,Manado,Rp144.900
Lazada,"Kawangkoan Original Roasted Batik Nuts, Typical of Small Manado, by Healthy & Halal Snacks, Ready to Eat 5% Off Voucher save 5%",Manado,Rp90.000
Lazada,Unisex Short Sleeved Children's T-Shirts with Motifs by Oleh Oleh Khas Manado Bunaken 54% Off Voucher save 54%,Manado,Rp22.900
Lazada,Baju Adat Manado TK SD // Pakaian Adat Sulawesi 69 sold (16),Manado,Rp105.000
Lazada,Unisex Children's T-Shirt Set with Patterned Pants by Khas Manado Bunaken 45% Off Voucher save 45%,Manado,Rp32.900
Lazada,"Bunaken Abon Cakalang Fufu Garo Rica Souvenirs, Original Manado Specialty Ready-To-Eat Food, Delicious and Halal 14% Off Voucher save 14%",Manado,Rp150.000
Lazada,Unisex Children's Long Sleeved T-Shirt with Motifs by Oleh Oleh Khas Manado Bunaken 49% Off Voucher save 49%,Manado,Rp30.900
Lazada,[Erlangga Official] E-Library Hidangan Lezat Manado 5 Eksemplar Masa Aktif 2 Tahun,Manado,Rp214.500
Lazada,Honda bikersday 2025 Regional Sulawesi Manado combed 24s HBD 25 T-shirt,Manado,Rp95.000
Lazada,Sam Premium Men's Pants Adult Long Chinos Men's Pants 43% Off Voucher save 43% 69.0K sold (30516),Manado,Rp85.000
Lazada,Size 5 Soccer Ball Free Pump Tool Gloves Drawstring Bag Valve Net 43% Off Voucher save 43% 3.8K sold (1038),Manado,Rp39.900
Lazada,Modern Kebaya Set Tille Outer Beautiful Ribbon Mix Satin Brocade Graduation Bridesmaid Dress & Premium Wrap Skirt 47% Off Voucher save 47% 141 sold (56),Manado,Rp79.900
Lazada,PROMO[COD] mini HT Walkie-Talkie MOTOROLA Baterai 9800mAh 120 hours standby radio 400-470MHZ Portable walkie-talkie Tahan air tahan debu tahan guncangan 26 sold,Manado,Rp135.000
Lazada,- Official Domino Game Service Recharge,Manado,Rp55.000
Lazada,T-Shirt Distro Premium - JEMBATAN SOEKARNO - Kaos Khas MANADO - MND3 38% Off Voucher save 38%,Manado,Rp50.000
Lazada,Implora Wow Brow Pomade (dus kotak/ ready stock manado ),Manado,Rp29.000
Lazada,T-Shirt Distro Premium - SI TOU TIMOU TUMOU TOU - Kaos Khas MANADO - MND6 38% Off Voucher save 38%,Manado,Rp50.000
Lazada,T-Shirt Distro Premium - TUGU BATALYON WORANG - Kaos Khas MANADO - MND4 38% Off Voucher save 38%,Manado,Rp50.000
Lazada,Chili Chila Sambal Roa Khas Manado 210 gr - Sambal Rumahan Halal Tanpa MSG,Manado,Rp44.000
Lazada,"Lyvia Abon Cakalang Fufu Rica Rica Souvenirs, Original Manado Specialty Ready-To-Eat Food, Delicious and Halal",Manado,Rp200.000
Lazada,Kostum Baju Adat Manado Dari Plastik Daur Ulang Sulawesi Utara Wanita Perempun Dewasa Anak-Anak,Manado,Rp149.999
Lazada,Fridge Magnet Kulkas Souvenir Manado Pohon Kelapa Sulawesi Utara Indonesia (1),Manado,Rp19.800
Lazada,"Yuki Abon Rica Roa Fish Souvenir Snacks, Original Manado Specialty Ready-To-Eat Food, Delicious and Halal 8% Off Voucher save 8%",Manado,Rp138.000
Lazada,"Buku Harmoni dalam Keragaman : Jejak Budaya Toleransi di Manado, Bali dan Bekasi",Manado,Rp125.000
Lazada,MANADO - AIR COOLER SHARP PJ-A36TY-B,Manado,Rp1.333.000
Lazada,"Genio Hotel Manado,Manado Hotel Booking,Marriott International, Hilton Worldwide, InterContinental Hotels Group (IHG), AccorHotels, Hyatt Hotels Corporation, Wyndham Hotels & Resorts, Huazhu Hotels Group, Disney Hotel, Best Western Hotels & Resorts, Shang 35% Off Voucher save 35%",Manado,Rp332.489
Lazada,"Biz Boulevard Manado oleh Prasanthi,Manado Hotel Booking,Marriott International, Hilton Worldwide, InterContinental Hotels Group (IHG), AccorHotels, Hyatt Hotels Corporation, Wyndham Hotels & Resorts, Huazhu Hotels Group, Disney Hotel, Best Western Hotels 44% Off Voucher save 44%",Manado,Rp344.273
Lazada,"S Loft Manado,Manado Hotel Booking,Marriott International, Hilton Worldwide, InterContinental Hotels Group (IHG), AccorHotels, Hyatt Hotels Corporation, Wyndham Hotels & Resorts, Huazhu Hotels Group, Disney Hotel, Best Western Hotels & Resorts, Shangri-La 34% Off Voucher save 34%",Manado,Rp435.579
Lazada,"Apartemen Bisnis Manado,Guangzhou Hotel Booking,Marriott International, Hilton Worldwide, InterContinental Hotels Group (IHG), AccorHotels, Hyatt Hotels Corporation, Wyndham Hotels & Resorts, Huazhu Hotels Group, Disney Hotel, Best Western Hotels & Resort 42% Off Voucher save 42%",Manado,Rp448.345
Lazada,"Hotel Minahasa,Manado Hotel Booking,Marriott International, Hilton Worldwide, InterContinental Hotels Group (IHG), AccorHotels, Hyatt Hotels Corporation, Wyndham Hotels & Resorts, Huazhu Hotels Group, Disney Hotel, Best Western Hotels & Resorts, Shangri-L 40% Off Voucher save 40%",Manado,Rp337.696
Lazada,"Aryaduta Manado,Manado Hotel Booking,Marriott International, Hilton Worldwide, InterContinental Hotels Group (IHG), AccorHotels, Hyatt Hotels Corporation, Wyndham Hotels & Resorts, Huazhu Hotels Group, Disney Hotel, Best Western Hotels & Resorts, Shangri- 41% Off Voucher save 41%",Manado,Rp599.433
Lazada,"Novotel Manado Golf Resort & Convention Center,Manado Hotel Booking,Marriott International, Hilton Worldwide, InterContinental Hotels Group (IHG), AccorHotels, Hyatt Hotels Corporation, Wyndham Hotels & Resorts, Huazhu Hotels Group, Disney Hotel, Best Wes 36% Off Voucher save 36%",Manado,Rp647.614
Lazada,"Grand Whiz Megamas Manado,Manado Hotel Booking,Marriott International, Hilton Worldwide, InterContinental Hotels Group (IHG), AccorHotels, Hyatt Hotels Corporation, Wyndham Hotels & Resorts, Huazhu Hotels Group, Disney Hotel, Best Western Hotels & Resorts 38% Off Voucher save 38%",Manado,Rp539.290
Lazada,"Grand Luley Manado,Manado Hotel Booking,Marriott International, Hilton Worldwide, InterContinental Hotels Group (IHG), AccorHotels, Hyatt Hotels Corporation, Wyndham Hotels & Resorts, Huazhu Hotels Group, Disney Hotel, Best Western Hotels & Resorts, Shang 41% Off Voucher save 41%",Manado,Rp600.851
Lazada,"Istanaku Guesthouse 2 Manado,Manado Hotel Booking,Marriott International, Hilton Worldwide, InterContinental Hotels Group (IHG), AccorHotels, Hyatt Hotels Corporation, Wyndham Hotels & Resorts, Huazhu Hotels Group, Disney Hotel, Best Western Hotels & Reso 34% Off Voucher save 34%",Manado,Rp354.611
Lazada,"Ibis Manado City Center Boulevard,Manado Hotel Booking,Marriott International, Hilton Worldwide, InterContinental Hotels Group (IHG), AccorHotels, Hyatt Hotels Corporation, Wyndham Hotels & Resorts, Huazhu Hotels Group, Disney Hotel, Best Western Hotels & 40% Off Voucher save 40%",Manado,Rp676.044
Lazada,"Swiss-Belhotel Maleosan Manado,Manado Hotel Booking,Marriott International, Hilton Worldwide, InterContinental Hotels Group (IHG), AccorHotels, Hyatt Hotels Corporation, Wyndham Hotels & Resorts, Huazhu Hotels Group, Disney Hotel, Best Western Hotels & Re 41% Off Voucher save 41%",Manado,Rp1.087.719
Lazada,"Manado Tateli Beach Resort,Pineleng Hotel Booking,Marriott International, Hilton Worldwide, InterContinental Hotels Group (IHG), AccorHotels, Hyatt Hotels Corporation, Wyndham Hotels & Resorts, Huazhu Hotels Group, Disney Hotel, Best Western Hotels & Reso 34% Off Voucher save 34%",Manado,Rp995.273
Lazada,"Cocotinos Manado,Manado Hotel Booking,Marriott International, Hilton Worldwide, InterContinental Hotels Group (IHG), AccorHotels, Hyatt Hotels Corporation, Wyndham Hotels & Resorts, Huazhu Hotels Group, Disney Hotel, Best Western Hotels & Resorts, Shangri 37% Off Voucher save 37%",Manado,Rp843.861
Lazada,"Four Points oleh Sheraton Manado,Manado Hotel Booking,Marriott International, Hilton Worldwide, InterContinental Hotels Group (IHG), AccorHotels, Hyatt Hotels Corporation, Wyndham Hotels & Resorts, Huazhu Hotels Group, Disney Hotel, Best Western Hotels & 40% Off Voucher save 40%",Manado,Rp1.216.976
Lazada,Baju Adat Manado Anak (Pria/Wanita),Manado,Rp165.000
Lazada,Saniye plant fiber eyelash extension waterproof mascara | M108 | BPOM | Manado,Manado,Rp29.000
Lazada,Kaos Atasan Anak Laki Laki Perempuan Baju Atasan Anak Cowok Cewek Warna Motif Manado 58% Off Voucher save 58%,Manado,Rp21.000
Lazada,Tarsius Kacang Sangrai Belimbing Manado Kemasan Besar Camilan sehat dan Halal Asli Kawangkoan siap di makan 18% Off Voucher save 18%,Manado,Rp160.000
Lazada,MANADO - AC AQUA JAPAN AQA-KCR5FQAL 1/2 PK TURBO COOLING R3 - Lengkap Pasang 29% Off Voucher save 29%,Manado,Rp2.110.830
Lazada,Saniye mascara & transparent eyebrow | Manado | BPOM | M310,Manado,Rp25.000
Lazada,Mild Foam 100 Gram 8.0K sold (2829),Manado,Rp11.000
Lazada,WAJIB PUNYA | KARPET LANTAI METERAN MANADO | SIAP KIRIM 50% Off Voucher save 50%,Manado,Rp3.453.000
Lazada,Mouse pad Alas Souvenir Bunaken Manado,Manado,Rp22.000
Lazada,4 PCs 100 thousand distro men's T-shirt 4 PCs 100 motif simple size M L XL XXL newest T-shirt 100 get 4 10.4K sold (3860),Manado,Rp45.000
Lazada,Kaos Pria Distro Keren Wisata Liburan MANADO MALDIVEN VAN CELEBES Dewasa Unisex 50% Off Voucher save 50%,Manado,Rp38.500
Lazada,KAOS COWOK PRIA DISTRO BANDUNG BELONGS TO US JAWA JOGJA MURAH MOTIF INDONESIA KEREN OVERSIZE SCOPE - TSHIRT KOTA MANADO,Manado,Rp65.000
Lazada,Army GUN Pistol mainan pistol kretek army bisa bunyi mainan tembak 6% Off Voucher save 6% 1.9K sold (657),Manado,Rp14.500
Lazada,Original Lizard Oil! This Is Aminah. 45% Off Voucher save 45%,Manado,Rp27.500
Lazada,"Ap King V2 Gaming Thumb Gloves, Premium Quality, Super Responsive, Red Legends Game & Mobile Accessories 50% Off Voucher save 50% 677 sold (177)",Manado,Rp11.000
Lazada,Essen biang murni kwalitas impor harga grosir kemasan 30ml 3.6K sold (1414),Manado,Rp12.000
Lazada,"Gaco Essen Premium Processed Palm Oil with a Savory, Fragrant Aroma 66% Off Voucher save 66% 233 sold (64)",Manado,Rp12.000
Lazada,Gaco Umpan Pancing Olahan Sawit Gurih Wangi Aroma Strike Asli perkebunan Kalimantan 68% Off Voucher save 68% 452 sold (143),Manado,Rp13.750
Lazada,DAVIENA VAMPIRE MASK AND BODY SOAP - SABUN MANDI PEMUTIH | MANADO |,Manado,Rp79.000
Lazada,Emina Sun Battle Bright SPF 35 | Battle SPF 50 PA +++ Cica Acne Fighter Sunscreen 30 ml | MANADO,Manado,Rp40.000
Lazada,Joymy Latest Men's Rubber Sandals Shoes Soft Casual Men's Sandals Sports Baim Premium Casual Eva 46% Off Voucher save 46% 2.1K sold (841),Manado,Rp43.500
Lazada,AVOSKIN Miraculous Retinol Ampoule | Manado | BPOM,Manado,Rp225.000
Lazada,Buku Tim Dapur DeMedia - Aneka Masakan Manado,Manado,Rp25.000
Lazada,T-Shirt Distro Premium - TUGU BATALYON WORANG - Kaos Khas MANADO - MND7 38% Off Voucher save 38%,Manado,Rp50.000
Lazada,Joyko Alat Tembak Pemasang Label Bandrol Harga HangTag TG-600 TERMURAH 43% Off Voucher save 43% 18 sold (8),Manado,Rp74.000
Lazada,Pesona Jantung Nusantara - Jelajah Sepeda Manado Makassar,Manado,Rp69.000
Lazada,Keren Pria Wig Rambut Pria Wig Rambut Panjang Pemangkasan Mullet Kepala Angin Netral Serigala Ekor Bagian Tengah Poni Bagian Seluruh Rambut Top Set 51% Off Voucher save 51% 393 sold (89),Manado,Rp60.886
Lazada,Tarsius Large Purple (Black) Roasted Nuts Healthy and Halal Snack Original from Kawangkoan Manado Ready to Eat,Manado,Rp195.000
Lazada,Catur 3D Mix Orange Peel. for All Premium Motorcycles 54% Off Voucher save 54% 5.4K sold (1910),Manado,Rp35.700
Lazada,Miss Ti Bottle of Olive Oil 250ml Bpom Massage Oil for Rubbing and Massaging 71% Off Voucher save 71% 7.5K sold (1285),Manado,Rp29.000
Lazada,"1 Set of Mio Switches Left Right Vietnam Plus Hazard Switch Set Mio J,Mio M3,Mio Smile,Mio Sporty,Mio Suol Gt,Xeon Mx,,Jupiter Z 2% Off Voucher save 2% 3.8K sold (1596)",Manado,Rp55.000
Lazada,"1 pak isi 100pcs balon aks ,balon AA, 22% Off Voucher save 22% 7 sold (1)",Manado,Rp19.500
Lazada,Car Steering Wheel Cover DIY Sewing Leather Steering Wheel Cover 166 sold (61),Manado,Rp22.500
Lazada,MANADO - AC BESTLIFE 1/2PK SERI SUMO BEST 05SUMO - Lengkap Pasang 55% Off Voucher save 55%,Manado,Rp1.278.900
Lazada,BRODO - Kaos Circlo Tees Navy 78% Off Voucher save 78% 36 sold (25),Manado,Rp64.999
Lazada,MANADO - AC AQUA JAPAN AQA-KCR5FQAL 1/2 PK TURBO COOLING R3 - Lengkap Pasang 47% Off Voucher save 47%,Manado,Rp1.575.690
Lazada,0327 cm Side Lever Yellow Magjine Mouser P.15 cm 25 sold (6),Manado,Rp220.000
Lazada,Garam Kasar / Garam Krosok / Garam Mandi / Natrium Chloride 1 Kg 395 sold (125),Manado,Rp8.500
Lazada,"Manado's Typical Roa Fish Sambal / Deliciously Spicy and Savory, Makes You Addicted 40% Off Voucher save 40%",Manado,Rp44.900
Lazada,"Fast Hair Growth Shampoo Herbal Shampoo Bar Hair Loss Treatment and Hair Fertilizer to Thicken, Anti Loss & Dandruff New 7 sold (1)",Manado,Rp89.000
Lazada,Pineapple Fruit original Palembang 1.7K sold (267),Manado,Rp6.350
Lazada,Jagrak Cagak Penyangga Joran Pancing 50cm Murah 48% Off Voucher save 48% 745 sold (144),Manado,Rp6.900
Lazada,Maria Beetle,Manado,Rp82.000
Lazada,Moondrop wine seeds 100% valid warranty 74% Off Voucher save 74% 2.6K sold (677),Manado,Rp38.510
Lazada,"Alvino Leaf Oil Is 100% Organic, Traditional from Papua. 61% Off Voucher save 61% 27 sold (7)",Manado,Rp38.000
Lazada,6-Leg Stand for Rinnai Gas Stove 1 2 Funeral All Types 14% Off Voucher save 14% 186 sold (36),Manado,Rp19.000
Lazada,Kacang Kawangkoan Manado Batik Sangrai oleh-oleh / Cemilan Sehat dan Halal siap di makan 6% Off Voucher save 6%,Manado,Rp80.000
Lazada,Wig Fashion Performer Wig Men's Long Hair Handsome Short Hair Fluffy Korean Version Non mainstream Center Split Wig 56% Off Voucher save 56% 230 sold (73),Manado,Rp58.280
Lazada,MINICO VANISHING Cream - 50GR 572 sold (146),Manado,Rp12.750
Lazada,Children's Cockroach Toy M788 Dcobra Dessert Series 30% Off Voucher save 30% 60 sold (23),Manado,Rp70.000
Lazada,"SAMBEL LAUK ""PREMIUM"" 150G PRODUK BY MELTZ INDO CORNER,SAMBEL BABY CUMI,SAMBEL PARU, SAMBEL CAKALANG, SAMBEL AYAM SUWIR,SAMBEL ROA MANADO,SAMBEL BAWANG,SAMBAL JENGKOL,SAMBAL KECOMBRANG,SAMBEL REBON",Manado,Rp27.500
Lazada,PDAM Kota Manado (Air Manado) 38 sold,Manado,Rp2.500
Lazada,Sharp Matot Glassware (1),Manado,Rp14.500
Lazada,Crispy Taro Chips,Manado,Rp11.000
Lazada,hajar super jahanam original hj mesir original 5ml 79% Off Voucher save 79% 6 sold,Manado,Rp16.900
Lazada,"widara laut 1 kg , kayu widara laut , bidara laut , kayu ular , widara laut serut , TOKO JAMU LAZIDA 50% Off Voucher save 50% 6 sold (3)",Manado,Rp24.900
Lazada,Coklat Krikil Turkey New Coklat Batu Krikil Mesir Coklat Arab Permen Krikil 37% Off Voucher save 37% 12.4K sold (4417),Manado,Rp26.499
Lazada,Travo King 200Ma 0 Engkel TRAFO KING ORIGINAL 752 sold (279),Manado,Rp28.000
Lazada,Dvd Film Man Of Steel (2013) (1),Manado,Rp10.000
Lazada,PACORABANE ONE MILIONS LUCKY 59 sold (18),Manado,Rp85.000
Lazada,Primarasa: Makan Enak Cara Manado 56% Off Voucher save 56%,Manado,Rp20.000
Lazada,MANZONE - Kaos Lengan Pendek Pria Rising Relaxed Fit - Grey 78% Off Voucher save 78%,Manado,Rp64.999
Lazada,Mantapp Original Honey Flavored Coffee 52 sold (12),Manado,Rp60.000
Lazada,500Pcs Fishing Hooks High Carbon Steel Fish Hooks Sharp Fish Hooks from Fishing Hooks 1 Set Small Fishing Hooks Fishing Hook Ten Division No. 3-12 Set Fishing Hook Eyes Carbon Steel and Stainless Steel Material 61% Off Voucher save 61% 4.0K sold (1507),Manado,Rp17.000
Lazada,MANADO SADES Gaming Table/Desk Alpha - Meja Gaming 33% Off Voucher save 33%,Manado,Rp2.747.000
Lazada,Rambut Pria Wig Serigala Ekor Versi Korea Tampan Jepang Super Mullet Kepala Realistis Alam Prajurit Kepala Cos Penuh Penutup Kepala-BM 55% Off Voucher save 55% 9 sold (3),Manado,Rp55.101
Lazada,Mata Pancing Kail Captain 1575 Hitam 2.6K sold (595),Manado,Rp14.000
Lazada,"Zensod Ointment Ointment for Itchy, Reddish, Rashy Skin 47 sold (9)",Manado,Rp15.000
Lazada,Paket Noken As Pelatuk Klep Payung Mio Sporty Mio Karbu Mio Smile Mio Old Lama Fino Karbu Yamaha 5TL 5LW 5MX Komplit Lengkap 56% Off Voucher save 56% 1.9K sold (638),Manado,Rp33.300
Lazada,"Promo - Gaco Savory Fragrant Palm Oil Products, Strong Aroma, Fast Fish Gathering, Suitable for All Types of Fish 66% Off Voucher save 66% 122 sold (27)",Manado,Rp12.000
Lazada,Kili Kili Rolling Snap Swivel Fishing Hook Connectors 50Pcs 79% Off Voucher save 79% 1.3K sold (546),Manado,Rp10.500
Lazada,Alamii Lil' Puffs Disney Edition - Snack Sehat untuk Anak. 30g (3 packs x 10g) | Ready Manado,Manado,Rp21.600
Lazada,Maxman,Manado,Rp150.000
Lazada,1 set 100cm super soft wader fishing rod White 90 sold (17),Manado,Rp13.000
Lazada,Pengantar Studi Ilmu Al Qur'an Quran Syaikh Manna Al Qaththan (1),Manado,Rp33.000
Lazada,Bamboo Ayaman Sandals 13% Off Voucher save 13%,Manado,Rp35.000
Lazada,Best selling big jumbo 5XL soft soft quality soft Toyobo cotton plain qurta shirt 45% Off Voucher save 45% 255 sold (100),Manado,Rp110.000
Lazada,COD Baju Batik Pria Murah Kemeja Batik Pria Lengan Pendek Hem Batik Pria Batik Pekalongan XXXL Hem batik jumbo Hem batik kantor Hem batik kondangan Hem kombinasi lengan pendek Hem batik kombinasi polos Hem batik cowok Kemeja batik pria ZAMORA COLLECTION 58% Off Voucher save 58% 6.2K sold (1475),Manado,Rp42.000
Lazada,Cheap F+F Account,Manado,Rp25.000
Lazada,Clutch Lining House Clutch Housing Suzuki Smash 110 New Smash 110 Old Old,Manado,Rp120.000
Lazada,Stiker doa setelah adzan (1),Manado,Rp7.000
Lazada,Maestro WIJEN SANGRAI 237m (BOTOL) Salad Dressing Sauce 878 sold (290),Manado,Rp26.500
Lazada,"【Pengiriman dalam waktu 3 hari】 Tutup kepala penuh rambut pendek pria, wig pria paruh baya dan lanjut usia, tutup kepala tampan alami 5 sold",Manado,Rp65.800
Lazada,Tarsius Kacang Sangrai Belimbing Manado Kemasan Sedang Camilan sehat dan Halal Asli Kawangkoan siap di makan 7% Off Voucher save 7%,Manado,Rp80.000
Lazada,Frozen Food Suki Mix 250 Grams - Seafood Steamboat Hotpot Bbq Sausage Meatballs Seblak 47% Off Voucher save 47% 13.7K sold (3949),Manado,Rp21.200
Lazada,wig rambut pria rambut palsu cowok wik rambut pria keren rambut palsu cowok keren Others wig rambut pria mullet rambut palsu cowok mullet murah wig pria rambut asli rambut palsu mulet cowok rambut palsu pria-BM 55% Off Voucher save 55% 15 sold (3),Manado,Rp55.833
Lazada,wig pria rambut asli wig rambut mullet pria wig rambut pria Others Wig pria rambut pendek kepala pengganti potongan busana pria tiga atau tujuh poin rambut asli ringan dan bernapas garis rambut alami dan realistis 55% Off Voucher save 55% 104 sold (21),Manado,Rp85.000
Lazada,Suzuki smash old new Lama 110 Gigi gear ger as Selah kick Stater selahan,Manado,Rp35.000
Lazada,Mahkota Waktu Udoro,Manado,Rp150.000
Lazada,Women Pad Spon Brief / Celana Dalam Busa Bulge Enhancer / Panty Pads Pembentuk Bokong / Sponge Padding Premium 59% Off Voucher save 59% 9 sold (2),Manado,Rp33.500
Lazada,"Arsy Gamis Long Tunic Dress with Floral Motifs, Rayon Viscose Busui Material 52% Off Voucher save 52% 4.2K sold (1590)",Manado,Rp74.429
Lazada,Promo Merpati Kacang Sangrai Batik Manado Sedang Camilan sehat Halal Kawangkoan siap di makan 23% Off Voucher save 23% (1),Manado,Rp54.000
Lazada,"12 Beaded Bracelets, Mute Guava Flower Bracelets 37% Off Voucher save 37%",Manado,Rp22.000
Lazada,Zobo Zb187 Pipe Holder Disposable Smoke Filter Pipe Filter 1 Pack Contains 10 Pcs with 4 Stages of Filtration 69% Off Voucher save 69%,Manado,Rp21.900
Lazada,PROMO 5 BOX SUSU ETAWA PRIMA GOLD PLATINUM ORIGINAL SUSU KAMBING ETAWA ASLI 33% Off Voucher save 33% 878 sold (433),Manado,Rp150.000
Lazada,"Kiojay Mangoes, Young Thai Mangoes and Fresh Mangoes Per Kilogram 37% Off Voucher save 37% 9 sold (3)",Manado,Rp22.000
Lazada,Genuine Strong Carbon Fishing Rod / 50kg Strong Fishing Rod / Fishing Rod / Casting Rod / Carp Fishing Rod / Bc Rod / 1.8m/2.1m Multi-Colored Spinning/Casting Fishing Rod Saltwater or Freshwater 6-12lb Fishing Rod Fishing Reel Fishing Line 72% Off Voucher save 72% 2.8K sold (1070),Manado,Rp42.706
Lazada,Camel Toe Pad By Mathis Women Private Concealer Silicone Pads Part Reusable Pelindung Underwear Anti Nyeplak Celana Dalam Wanita Busa Bulge Sponge 50% Off Voucher save 50%,Manado,Rp33.000
Lazada,Kbn-017 Genuine Steel Double Axe Tool Garden Tool Bamboo Cutting Scythe Cutting Grass Tree Branches 23% Off Voucher save 23% 29 sold (9),Manado,Rp42.500
Lazada,Wig pria tampan rambut panjang kepala belanak netral angin ekor serigala【bayar di tempat】 33% Off Voucher save 33% 11 sold (2),Manado,Rp69.004
Lazada,MANGKOK KAMPAS GANDA ORIGINAL CUSTOM HONDA VARIO 125 150 LED MANGKOK CUSTOM ORIGINAL 26 sold (19),Manado,Rp65.900
Lazada,"KERING TEMPE PEDAS MANIS/TEMPE OREK TERI KACANG/OREK TEMPE PEDAS BALADO 24% Off New Voucher save 24% LazFlash,only 1 day left 759 sold (263)",Manado,Rp22.856
Lazada,Cremation Mortuary Equipment,Manado,Rp100.568
Lazada,Katsuobushi Lokal Halus 500gr ikan cakalang serut taburan takoyaki 4% Off Voucher save 4% 3.3K sold (895),Manado,Rp139.000
Lazada,Mandom Hair Cream 15% Off Voucher save 15% 236 sold (53),Manado,Rp25.600
Lazada,Sentinel Guard cm Mosquito Solution,Manado,Rp115.000
Lazada,Maxman,Manado,Rp150.000
Lazada,Manhajut Thullab Kitab Ori 100% Manhajut Thullab Darul Ghod Jadid Kairo JKT,Manado,Rp68.800
Lazada,MANUSIA IDE -Mochtar Riady,Manado,Rp40.000
Lazada,"Tutup kepala penuh rambut pendek pria, wig pria paruh baya dan lanjut usia, tutup kepala tampan alami 24% Off Voucher save 24% 172 sold (26)",Manado,Rp79.800
Lazada,Maxman,Manado,Rp150.000
Lazada,Kili Kili Pancing 100pcs Murah Kili Kili Swivel Pancing Fullset Box Kili Kili Swivel Pancing 100 Pcs 36% Off Voucher save 36% 199 sold (65),Manado,Rp25.500
Lazada,Pipe Holder yajue yj056 refill/refill smoke filter 1 pack of 18 PCs 79% Off Voucher save 79% (1),Manado,Rp18.900
Lazada,Cod t Shirt Deo Hitam T-Shirt Tshirt Aabaa 65% Off Voucher save 65%,Manado,Rp70.000
Lazada,BLUDER COKRO MADIUN (ECER) TANPA MINIMUM ORDER 13% Off Voucher save 13% 1.8K sold (334),Manado,Rp13.900
Lazada,HAIR WIGSTAR PRIA,Manado,Rp165.000
Lazada,Moiaa silky pudding 1kg 27 sold (3),Manado,Rp114.500
Lazada,. FUNGISIDA MANZATE 500GRAM OBAT JAMUR AMPUH 7% Off Voucher save 7%,Manado,Rp56.000
Lazada,Gratis Ongkir/Gula batu kemasan 1kg khas Cirebon 46% Off Voucher save 46%,Manado,Rp25.000
Lazada,Hemofix hemorrhoid treatment herbal supplement,Manado,Rp125.000
Lazada,#BUKU MANAJEMENT BEKAS MURAH ORIGINAL MANAJEMEN PELAYANAN UMUM DI INDONESIA 65% Off Voucher save 65%,Manado,Rp35.000
Lazada,Studi Ilmu-ilmu Qur'an By Manna Khalil al-qattan (1),Manado,Rp35.000
Lazada,Pria rambut wig Rambut alami datang Mullet Kepala rambut palsu cowok keren wig rambut pria mullet rambut palsu mulet cowok Wig Pria Versi Korea Tampan Rambut Pendek Ekor Serigala Fashion Berbulu Alami Pria dan Wanita Wig Pendek Rambut Lurus Wig Set-BM 46% Off Voucher save 46% (1),Manado,Rp73.160
Lazada,Rengginang Ketan Asli Dapur Eny 250gr - Snack Instan Rendah Lemak Halal 50% Off New Voucher save 50% 47 sold (8),Manado,Rp16.000
Lazada,Pearl Embroidered Tile Brukat Kebaya Top / Modern Graduation Kebaya Top / Party Invitation Kebaya Graduation Kebaya / Tunic Kebaya / Application Kebaya / Maroon Lavender Beby Blue Silver Kebaya 62% Off Voucher save 62% 97 sold (29),Manado,Rp50.000
Lazada,Women's short sleeve jumbo big size M - XXXL 3XL adult Koko shirt 2023 Black 63% Off Voucher save 63% 664 sold (240),Manado,Rp99.000
Lazada,1 Box kail tajam No.3-12/Long Handled fishing devision No 3-12 set 369 sold (138),Manado,Rp11.500
Lazada,￼WILMOND MANDARIN ORANGE IN SYRUP 312gr / BUAH JERUK MANDARIN KALENG 27 sold (5),Manado,Rp21.000
Lazada,Old kick Stater smash pedal crank lever 12% Off Voucher save 12%,Manado,Rp28.500
Lazada,MANADO - AC BESTLIFE 1/2PK SERI SUMO BEST 05SUMO - Lengkap Pasang 48% Off Voucher save 48%,Manado,Rp1.477.840
Lazada,Kebaya Azalia Kebaya Is a Luxurious Party Dress That Can Be Used as a Uniform and Comes in Sizes from M.L.Xl.Xxl.3Xl. 38% Off Voucher save 38% 440 sold (169),Manado,Rp150.000
Lazada,Maxman,Manado,Rp150.000
Lazada,kentongan bambu - pentungan bambu pos ronda - kohkol bambu penjagaan pos ronda malam,Manado,Rp15.000
Lazada,wig rambut pria rambut palsu cowok wik rambut pria keren rambut palsu cowok keren Others wig rambut pria mullet rambut palsu cowok mullet murah wig pria rambut asli rambut palsu mulet cowok rambut palsu pria 51% Off Voucher save 51% 81 sold (23),Manado,Rp57.918
Lazada,Promo seeds for sale 72% Off Voucher save 72%,Manado,Rp7.000
Lazada,1000pcs Kail Pancing Aneka Ukuran Bahan Baja Karbon Dengan Tali Pengait100/200/300/500/1000pcs Fishing Hook Set High-Carbon Steel Barbed Fishhooks for Saltwater Freshwater Fishing Accessories 50% Off Voucher save 50% 21 sold (8),Manado,Rp14.566
Lazada,star light / fishing light stick bisa dipakai dengan lure / pelampung 2.0K sold (557),Manado,Rp15.800
Lazada,Pembersih Mesin Motor Mobil / Engine Degreaser Untuk Kerak Karat & Oli - Dohero Sparkling Engine 15% Off Voucher save 15% 1.3K sold (344),Manado,Rp47.500
Lazada,Striping Sticker for Honda Win 100 Federal Custom,Manado,Rp35.000
Lazada,Rp7.499 12% Off Voucher save 12% 31 sold,Manado,"Dana Nominal Rp. 6,000 by Tokodouble"
Lazada,akar manon.mentaus.hata.cane.lidi.ranting.dekorasi bunga kering.rustic.bambu.pampas 25% Off Voucher save 25% 20 sold (3),Manado,Rp22.500
Lazada,1 Pack Isi Ulang / Refill Yajue YJ057 Isi 18 Pcs Pipa Saringan Asap 68% Off Voucher save 68% 13 sold (1),Manado,Rp18.900
Lazada,EXCELSO UNAKAFFE MANDHELING 12'S 72 G 20% Off Voucher save 20%,Manado,Rp147.600
Lazada,"Jono Salt 1 kg (Jono Salt Uses Bamboo Media from Well Water, Not Sea Water) 18% Off Voucher save 18%",Manado,Rp33.000
Lazada,Sam's Choice Chicken Nuggets 250 gr 17% Off New Voucher save 17% 2.6K sold (954),Manado,Rp10.500
Lazada,"koleksi unik asli mazida store,keperluan nikah dan koleksi 21 sold (3)",Manado,Rp5.000
Lazada,Maithotorun's Effective Medicine Book,Manado,Rp49.999
Lazada,Pumpkin Seeds Biji Labu Kupas Matang Oven 1Kg 500gr 250gr 100gr 10 sold (2),Manado,Rp79.900
Lazada,MANHAZ DZAWIN NADZHOR,Manado,Rp150.000
Lazada,MANGO TV VIP PREMIUM TERMURAH 89 sold (44),Manado,Rp13.958
Lazada,Mulan super Jumbo Ori Ama Najwa 8 sold (1),Manado,Rp190.000
Lazada,FIKIH MUAMALAH MALIYAH - PANJI ADAM,Manado,Rp72.000
Lazada,Fiqh muamalah Prof hendi suhendi,Manado,Rp30.000
Lazada,Buku SEBUAH SENI UNTUK BERSIKAP BODO AMAT By Mark Manson,Manado,Rp27.000
Lazada,Wig pria tampan rambut lurus pendek dapat diikat gaya rambut ekor serigala rambut panjang kepala belanak tutup kepala penuh alami-ER 53% Off Voucher save 53%,Manado,Rp58.843
Lazada,KITAB SILSILAH HADITS 6 MANHAJ AN NAQDI INDAL MUHADDITSIN سلسلة علوم حديث 6 منهج النقد عند المحدثين 13% Off Voucher save 13%,Manado,Rp96.250
Lazada,Buku ENSIKLOPEDIA AKHIR ZAMAN (DR Mahir Ahmad) Penerbit Ummul Quro 34% Off Voucher save 34%,Manado,Rp164.000
Lazada,NAILUL MUNA SYARAH SAFINATUNNAJA,Manado,Rp125.000
Lazada,Al Muntakhabatu fil Mahfuzat,Manado,Rp23.000
Lazada,Wig Rambut Pria Panjang Mullet Wolfcut Ekor Srigala 17% Off Voucher save 17% 1.4K sold (294),Manado,Rp99.900
Lazada,Nadzom Istigosah Sunda Ukuran Saku Miftahul Huda Manonjaya Tasikmalaya 25% Off Voucher save 25% 35 sold (5),Manado,Rp15.000
Lazada,manhajut thullab,Manado,Rp176.273
Lazada,tqnaman levender rosemary /pengusir yamuk (1),Manado,Rp13.000
Lazada,Mamasuka delisaos hot lava 1 kg 2.4K sold (441),Manado,Rp41.500
Lazada,Lampu Tembak Laser SQL 4 Mata Lampu Mata Malaikat Berwarna Warni Full Alumunium Premium 400 Watt 40000LM IP68 DC 9V-85V 27% Off Voucher save 27% 39 sold (8),Manado,Rp166.300
Lazada,[New] Ap King V2 Andra St Silver Fiber Reflective Anti-Sweat Finger Touch Premium Case 67% Off Voucher save 67% 42 sold (9),Manado,Rp23.000
Lazada,kjnSerigala Ekor Mullet Kepala Wig Pria Rambut Panjang Keren Tampan Rambut Panjang Netral Tulang Selangka Rambut Alami Penuh Tutup Kepala 21% Off Voucher save 21% 24 sold (4),Manado,Rp79.900
Lazada,[[Promo]] typical rock sugar Cirebon // rock sugar 7% Off Voucher save 7%,Manado,Rp14.000
Lazada,GARAM HIMALAYA KERIKIL PINK 1000GR - HIMALAYAN COARSE SALT - ROCK SALT 1kg - GARAM KRISTAL MERAH MUDA 61% Off Voucher save 61% 421 sold (142),Manado,Rp51.000
Lazada,"Wig pria, tutup kepala tampan versi Korea, gaya jaring merah modis alami, wig pria pengiriman pendek 1% Off Voucher save 1% 159 sold (32)",Manado,Rp79.600
Lazada,Tegek Pancing Kasimura Pole Ruas Panjang 180cm-450cm Action Lentur Bahan Carbon Campuran Sangat Murah 50% Off Voucher save 50% 1.7K sold (457),Manado,Rp22.000
Lazada,Bodymune original 100% bpom pt.best 52% Off Voucher save 52%,Manado,Rp120.000
Lazada,COD mamarit oseg joran pancing set 7 isi 7 50% Off Voucher save 50% 5.7K sold (1339),Manado,Rp10.000
Lazada,Buku ABDUL SHOMAD USTADZ ZAMAN NOW,Manado,Rp55.000
Lazada,Silet London Bridge 1 Box Contains 5 23% Off Voucher save 23% 2.7K sold (397),Manado,Rp6.900
Lazada,RESTRICTED RESTRICTED CATRIDGE UWELL CALIBURN TENET / GK2 2ML EMPTY - catridge gk2 - catridge g2 - catridge tenet 8 sold (3),Manado,Rp25.000
Lazada,Pengantar Studi Ilmu Al- Qur’an - Syaikh Manna Al-Qaththan 14 sold (2),Manado,Rp45.000
Lazada,Kitab Majmu Maulid Majmu' maulid Maj'mu Maulid Toha Putra,Manado,Rp22.000
Lazada,MANGO TV VIP PREMIUM 33% Off Voucher save 33% 28 sold,Manado,Rp10.000
Lazada,"Laras paser ikan / laras polos panjang 80cm cal 4,5mm/paser 15% Off Voucher save 15%",Manado,Rp255.000
Lazada,Mamayo Mayonais Original 30 sold (14),Manado,Rp18.000
Lazada,MAESTRO WIJEN SANGRAI 100gr 1% Off Voucher save 1% 153 sold (50),Manado,Rp7.900
Lazada,Maxman,Manado,Rp150.000
Lazada,MANHAJA DZWAINADZOR DKI islmiyyah,Manado,Rp100.000
Lazada,"Rose Brand Premium Cane Sugar 1kg - Natural Flavor, Gmo Free 5.8K sold (1576)",Manado,Rp28.000
Lazada,WIG PRIA / WIG LAKI-LAKI COSPLAY / RAMBUT PALSU COWOK / WIG ANIME / WIG PRIA GANTENG/ WIG PENUTUP BOTAK / WIG ACARA HALLOWEN / WIG JABRIK KEREN / WIG KOREA,Manado,Rp85.000
Lazada,1 kg of Old Nutmeg Fruit Is Picked When the Order Is Received. 13% Off Voucher save 13%,Manado,Rp13.000
Lazada,Pria paruh baya wig rambut asli rambut pendek pria tua pria rambut lurus pendek setengah baya dan tua wig berbulu dan tampan ayah 12% Off Voucher save 12%,Manado,Rp88.400
Lazada,1000 Pcs Kail Pancing Aneka Ukuran Bahan Baja Karbon Dengan Tali Pengait/100/500pcs Fishing Hook Set High-Carbon Steel Barbed Fishhooks for Saltwater Freshwater Fishing Accessories 50% Off Voucher save 50% 48 sold (17),Manado,Rp40.000
Lazada,wig pria tampan full,Manado,Rp124.999
Lazada,Net merah pasang siswa laki-laki kepala belanak serigala ekor wig rambut pendek penuh tutup kepala unisex realistis berbulu alami tampan 56% Off Voucher save 56%,Manado,Rp79.400
Lazada,wig cowo tampan tebal full wig pria,Manado,Rp124.999
Lazada,wig pria full,Manado,Rp124.999
Lazada,Wig pria wig rambut asli tak terlihat setengah baya dan tua wig rambut pendek rambut asli tampan wig alami set 28% Off Voucher save 28%,Manado,Rp97.000
Lazada,wig pria tampan full,Manado,Rp124.999
Lazada,Kitab FATHUL MANNAN Kitab Tajwid Pegon Pegangan Baca Alquran 51 sold (20),Manado,Rp17.000
Lazada,"Wholesale Hexagonal Buhur with the Aroma of Maharaja Sulaiman, Sudan and Maghribi, Good Quality 34% Off Voucher save 34%",Manado,Rp16.500
Lazada,onche tullang gaddduy model kotak kristal,Manado,Rp65.000
Lazada,Buku Studi Ilmu Ilmu Quran Al Quran Manna Khalil Al Qattan /LAN ORIGINAL,Manado,Rp92.800
Lazada,wig gondorong wig pria tampan wig pria kriwil wig cowo wig laki laki,Manado,Rp154.999
Lazada,[3 hari pengiriman] rambut wig rambut pendek rambut asli tampan alami setengah baya dan tua ayah kepala datar kepala datar pria wig cap 24 sold (2),Manado,Rp140.000
Lazada,"Toupee Peutup Botak Pria Dengan Poni Sempong Penebal Rambut Pria Warna Hitam Natural Buy 5+, Rp55.000,00/pcs 48 sold (13)",Manado,Rp130.000
Lazada,Wig Rambut Pria Pengganti Potongan Rambut Botak Pengganti Blok Flip Wig Pengganti Kepala Rambut Asli Pria Rambut Blok Tampan Pengganti Potongan 16*18cm 18% Off Voucher save 18% 10 sold (1),Manado,Rp132.000
Lazada,MARLBORO Hair cream/pomade/ 13% Off Voucher save 13% 17 sold (8),Manado,Rp30.500
Lazada,Susu SUNBAY Evaporated / Susu SUNBAY Evaporasi per kaleng dan kartonan 3% Off Voucher save 3% 66.5K sold (12901),Manado,Rp16.900
Lazada,Saus Mustard Maestro 245g 10 sold,Manado,Rp33.875
Lazada,Buku Studi Ilmu-Ilmu Quran - Manna Khalil Al-Qattan 11% Off Voucher save 11% 19 sold (7),Manado,Rp80.000
Lazada,Serigala ekor wig rambut panjang pria tampan dan alami kepala belanak pria tutup kepala sehari-hari penuh 8% Off Voucher save 8%,Manado,Rp90.500
Lazada,Mindmasters - Sandra Matz,Manado,Rp40.000
Lazada,Bubuk Minuman MOCHACINO 1Kg - Bubuk MOCHACCINO 1Kg - MOCHACINO Bubuk 1Kg - MOCHACCINO Powder 1Kg 15% Off Voucher save 15% 491 sold (82),Manado,Rp55.250
Lazada,Madurasa 15 sold (5),Manado,Rp15.000
Lazada,-Understanding the meaning of change-endudin-Ln,Manado,Rp37.500
Lazada,FRISIAN FLAG SUSU BENDERA KALENG 370 G 16% Off Voucher save 16% 28 sold (6),Manado,Rp14.900
